date,status,holiday,statutory,sourceYear,confidence
2000-01-01,OFF,NEW_YEAR,1,2000,RECONSTRUCTED
2000-01-02,OFF,NEW_YEAR,0,2000,RECONSTRUCTED
2000-02-05,OFF,SPRING_FESTIVAL,1,2000,RECONSTRUCTED
2000-02-06,OFF,SPRING_FESTIVAL,1,2000,RECONSTRUCTED
2000-02-07,OFF,SPRING_FESTIVAL,1,2000,RECONSTRUCTED
2000-02-08,OFF,SPRING_FESTIVAL,0,2000,RECONSTRUCTED
2000-02-09,OFF,SPRING_FESTIVAL,0,2000,RECONSTRUCTED
2000-02-10,OFF,SPRING_FESTIVAL,0,2000,RECONSTRUCTED
2000-02-11,OFF,SPRING_FESTIVAL,0,2000,RECONSTRUCTED
2000-02-12,WORK,SPRING_FESTIVAL,0,2000,RECONSTRUCTED
2000-02-13,WORK,SPRING_FESTIVAL,0,2000,RECONSTRUCTED
2000-04-29,WORK,LABOUR_DAY,0,2000,RECONSTRUCTED
2000-04-30,WORK,LABOUR_DAY,0,2000,RECONSTRUCTED
2000-05-01,OFF,LABOUR_DAY,1,2000,RECONSTRUCTED
2000-05-02,OFF,LABOUR_DAY,1,2000,RECONSTRUCTED
2000-05-03,OFF,LABOUR_DAY,1,2000,RECONSTRUCTED
2000-05-04,OFF,LABOUR_DAY,0,2000,RECONSTRUCTED
2000-05-05,OFF,LABOUR_DAY,0,2000,RECONSTRUCTED
2000-05-06,OFF,LABOUR_DAY,0,2000,RECONSTRUCTED
2000-05-07,OFF,LABOUR_DAY,0,2000,RECONSTRUCTED
2000-09-30,WORK,NATIONAL_DAY,0,2000,RECONSTRUCTED
2000-10-01,OFF,NATIONAL_DAY,1,2000,RECONSTRUCTED
2000-10-02,OFF,NATIONAL_DAY,1,2000,RECONSTRUCTED
2000-10-03,OFF,NATIONAL_DAY,1,2000,RECONSTRUCTED
2000-10-04,OFF,NATIONAL_DAY,0,2000,RECONSTRUCTED
2000-10-05,OFF,NATIONAL_DAY,0,2000,RECONSTRUCTED
2000-10-06,OFF,NATIONAL_DAY,0,2000,RECONSTRUCTED
2000-10-07,OFF,NATIONAL_DAY,0,2000,RECONSTRUCTED
2000-10-08,WORK,NATIONAL_DAY,0,2000,RECONSTRUCTED
2001-01-01,OFF,NEW_YEAR,1,2001,ARCHIVED_NOTICE
2001-01-20,WORK,SPRING_FESTIVAL,0,2001,ARCHIVED_NOTICE
2001-01-21,WORK,SPRING_FESTIVAL,0,2001,ARCHIVED_NOTICE
2001-01-24,OFF,SPRING_FESTIVAL,1,2001,ARCHIVED_NOTICE
2001-01-25,OFF,SPRING_FESTIVAL,1,2001,ARCHIVED_NOTICE
2001-01-26,OFF,SPRING_FESTIVAL,1,2001,ARCHIVED_NOTICE
2001-01-27,OFF,SPRING_FESTIVAL,0,2001,ARCHIVED_NOTICE
2001-01-28,OFF,SPRING_FESTIVAL,0,2001,ARCHIVED_NOTICE
2001-01-29,OFF,SPRING_FESTIVAL,0,2001,ARCHIVED_NOTICE
2001-01-30,OFF,SPRING_FESTIVAL,0,2001,ARCHIVED_NOTICE
2001-04-28,WORK,LABOUR_DAY,0,2001,ARCHIVED_NOTICE
2001-04-29,WORK,LABOUR_DAY,0,2001,ARCHIVED_NOTICE
2001-05-01,OFF,LABOUR_DAY,1,2001,ARCHIVED_NOTICE
2001-05-02,OFF,LABOUR_DAY,1,2001,ARCHIVED_NOTICE
2001-05-03,OFF,LABOUR_DAY,1,2001,ARCHIVED_NOTICE
2001-05-04,OFF,LABOUR_DAY,0,2001,ARCHIVED_NOTICE
2001-05-05,OFF,LABOUR_DAY,0,2001,ARCHIVED_NOTICE
2001-05-06,OFF,LABOUR_DAY,0,2001,ARCHIVED_NOTICE
2001-05-07,OFF,LABOUR_DAY,0,2001,ARCHIVED_NOTICE
2001-09-29,WORK,NATIONAL_DAY,0,2001,ARCHIVED_NOTICE
2001-09-30,WORK,NATIONAL_DAY,0,2001,ARCHIVED_NOTICE
2001-10-01,OFF,NATIONAL_DAY,1,2001,ARCHIVED_NOTICE
2001-10-02,OFF,NATIONAL_DAY,1,2001,ARCHIVED_NOTICE
2001-10-03,OFF,NATIONAL_DAY,1,2001,ARCHIVED_NOTICE
2001-10-04,OFF,NATIONAL_DAY,0,2001,ARCHIVED_NOTICE
2001-10-05,OFF,NATIONAL_DAY,0,2001,ARCHIVED_NOTICE
2001-10-06,OFF,NATIONAL_DAY,0,2001,ARCHIVED_NOTICE
2001-10-07,OFF,NATIONAL_DAY,0,2001,ARCHIVED_NOTICE
2002-01-01,OFF,NEW_YEAR,1,2002,ARCHIVED_NOTICE
2002-01-02,OFF,NEW_YEAR,0,2002,ARCHIVED_NOTICE
2002-01-03,OFF,NEW_YEAR,0,2002,ARCHIVED_NOTICE
2002-02-09,WORK,SPRING_FESTIVAL,0,2002,ARCHIVED_NOTICE
2002-02-10,WORK,SPRING_FESTIVAL,0,2002,ARCHIVED_NOTICE
2002-02-12,OFF,SPRING_FESTIVAL,1,2002,ARCHIVED_NOTICE
2002-02-13,OFF,SPRING_FESTIVAL,1,2002,ARCHIVED_NOTICE
2002-02-14,OFF,SPRING_FESTIVAL,1,2002,ARCHIVED_NOTICE
2002-02-15,OFF,SPRING_FESTIVAL,0,2002,ARCHIVED_NOTICE
2002-02-16,OFF,SPRING_FESTIVAL,0,2002,ARCHIVED_NOTICE
2002-02-17,OFF,SPRING_FESTIVAL,0,2002,ARCHIVED_NOTICE
2002-02-18,OFF,SPRING_FESTIVAL,0,2002,ARCHIVED_NOTICE
2002-04-27,WORK,LABOUR_DAY,0,2002,ARCHIVED_NOTICE
2002-04-28,WORK,LABOUR_DAY,0,2002,ARCHIVED_NOTICE
2002-05-01,OFF,LABOUR_DAY,1,2002,ARCHIVED_NOTICE
2002-05-02,OFF,LABOUR_DAY,1,2002,ARCHIVED_NOTICE
2002-05-03,OFF,LABOUR_DAY,1,2002,ARCHIVED_NOTICE
2002-05-04,OFF,LABOUR_DAY,0,2002,ARCHIVED_NOTICE
2002-05-05,OFF,LABOUR_DAY,0,2002,ARCHIVED_NOTICE
2002-05-06,OFF,LABOUR_DAY,0,2002,ARCHIVED_NOTICE
2002-05-07,OFF,LABOUR_DAY,0,2002,ARCHIVED_NOTICE
2002-09-28,WORK,NATIONAL_DAY,0,2002,ARCHIVED_NOTICE
2002-09-29,WORK,NATIONAL_DAY,0,2002,ARCHIVED_NOTICE
2002-10-01,OFF,NATIONAL_DAY,1,2002,ARCHIVED_NOTICE
2002-10-02,OFF,NATIONAL_DAY,1,2002,ARCHIVED_NOTICE
2002-10-03,OFF,NATIONAL_DAY,1,2002,ARCHIVED_NOTICE
2002-10-04,OFF,NATIONAL_DAY,0,2002,ARCHIVED_NOTICE
2002-10-05,OFF,NATIONAL_DAY,0,2002,ARCHIVED_NOTICE
2002-10-06,OFF,NATIONAL_DAY,0,2002,ARCHIVED_NOTICE
2002-10-07,OFF,NATIONAL_DAY,0,2002,ARCHIVED_NOTICE
2003-01-01,OFF,NEW_YEAR,1,2003,ARCHIVED_NOTICE
2003-01-02,OFF,NEW_YEAR,0,2003,ARCHIVED_NOTICE
2003-01-03,OFF,NEW_YEAR,0,2003,ARCHIVED_NOTICE
2003-01-26,WORK,SPRING_FESTIVAL,0,2003,ARCHIVED_NOTICE
2003-02-01,OFF,SPRING_FESTIVAL,1,2003,ARCHIVED_NOTICE
2003-02-02,OFF,SPRING_FESTIVAL,1,2003,ARCHIVED_NOTICE
2003-02-03,OFF,SPRING_FESTIVAL,1,2003,ARCHIVED_NOTICE
2003-02-04,OFF,SPRING_FESTIVAL,0,2003,ARCHIVED_NOTICE
2003-02-05,OFF,SPRING_FESTIVAL,0,2003,ARCHIVED_NOTICE
2003-02-06,OFF,SPRING_FESTIVAL,0,2003,ARCHIVED_NOTICE
2003-02-07,OFF,SPRING_FESTIVAL,0,2003,ARCHIVED_NOTICE
2003-02-08,WORK,SPRING_FESTIVAL,0,2003,ARCHIVED_NOTICE
2003-04-27,WORK,LABOUR_DAY,0,2003,ARCHIVED_NOTICE
2003-05-01,OFF,LABOUR_DAY,1,2003,ARCHIVED_NOTICE
2003-05-02,OFF,LABOUR_DAY,1,2003,ARCHIVED_NOTICE
2003-05-03,OFF,LABOUR_DAY,1,2003,ARCHIVED_NOTICE
2003-05-04,OFF,LABOUR_DAY,0,2003,ARCHIVED_NOTICE
2003-05-05,OFF,LABOUR_DAY,0,2003,ARCHIVED_NOTICE
2003-05-06,OFF,LABOUR_DAY,0,2003,ARCHIVED_NOTICE
2003-05-07,OFF,LABOUR_DAY,0,2003,ARCHIVED_NOTICE
2003-05-10,WORK,LABOUR_DAY,0,2003,ARCHIVED_NOTICE
2003-09-28,WORK,NATIONAL_DAY,0,2003,ARCHIVED_NOTICE
2003-10-01,OFF,NATIONAL_DAY,1,2003,ARCHIVED_NOTICE
2003-10-02,OFF,NATIONAL_DAY,1,2003,ARCHIVED_NOTICE
2003-10-03,OFF,NATIONAL_DAY,1,2003,ARCHIVED_NOTICE
2003-10-04,OFF,NATIONAL_DAY,0,2003,ARCHIVED_NOTICE
2003-10-05,OFF,NATIONAL_DAY,0,2003,ARCHIVED_NOTICE
2003-10-06,OFF,NATIONAL_DAY,0,2003,ARCHIVED_NOTICE
2003-10-07,OFF,NATIONAL_DAY,0,2003,ARCHIVED_NOTICE
2003-10-11,WORK,NATIONAL_DAY,0,2003,ARCHIVED_NOTICE
2004-01-01,OFF,NEW_YEAR,1,2004,ARCHIVED_NOTICE
2004-01-17,WORK,SPRING_FESTIVAL,0,2004,ARCHIVED_NOTICE
2004-01-18,WORK,SPRING_FESTIVAL,0,2004,ARCHIVED_NOTICE
2004-01-22,OFF,SPRING_FESTIVAL,1,2004,ARCHIVED_NOTICE
2004-01-23,OFF,SPRING_FESTIVAL,1,2004,ARCHIVED_NOTICE
2004-01-24,OFF,SPRING_FESTIVAL,1,2004,ARCHIVED_NOTICE
2004-01-25,OFF,SPRING_FESTIVAL,0,2004,ARCHIVED_NOTICE
2004-01-26,OFF,SPRING_FESTIVAL,0,2004,ARCHIVED_NOTICE
2004-01-27,OFF,SPRING_FESTIVAL,0,2004,ARCHIVED_NOTICE
2004-01-28,OFF,SPRING_FESTIVAL,0,2004,ARCHIVED_NOTICE
2004-05-01,OFF,LABOUR_DAY,1,2004,ARCHIVED_NOTICE
2004-05-02,OFF,LABOUR_DAY,1,2004,ARCHIVED_NOTICE
2004-05-03,OFF,LABOUR_DAY,1,2004,ARCHIVED_NOTICE
2004-05-04,OFF,LABOUR_DAY,0,2004,ARCHIVED_NOTICE
2004-05-05,OFF,LABOUR_DAY,0,2004,ARCHIVED_NOTICE
2004-05-06,OFF,LABOUR_DAY,0,2004,ARCHIVED_NOTICE
2004-05-07,OFF,LABOUR_DAY,0,2004,ARCHIVED_NOTICE
2004-05-08,WORK,LABOUR_DAY,0,2004,ARCHIVED_NOTICE
2004-05-09,WORK,LABOUR_DAY,0,2004,ARCHIVED_NOTICE
2004-10-01,OFF,NATIONAL_DAY,1,2004,ARCHIVED_NOTICE
2004-10-02,OFF,NATIONAL_DAY,1,2004,ARCHIVED_NOTICE
2004-10-03,OFF,NATIONAL_DAY,1,2004,ARCHIVED_NOTICE
2004-10-04,OFF,NATIONAL_DAY,0,2004,ARCHIVED_NOTICE
2004-10-05,OFF,NATIONAL_DAY,0,2004,ARCHIVED_NOTICE
2004-10-06,OFF,NATIONAL_DAY,0,2004,ARCHIVED_NOTICE
2004-10-07,OFF,NATIONAL_DAY,0,2004,ARCHIVED_NOTICE
2004-10-09,WORK,NATIONAL_DAY,0,2004,ARCHIVED_NOTICE
2004-10-10,WORK,NATIONAL_DAY,0,2004,ARCHIVED_NOTICE
2005-01-01,OFF,NEW_YEAR,1,2005,ARCHIVED_NOTICE
2005-01-02,OFF,NEW_YEAR,0,2005,ARCHIVED_NOTICE
2005-01-03,OFF,NEW_YEAR,0,2005,ARCHIVED_NOTICE
2005-02-05,WORK,SPRING_FESTIVAL,0,2005,ARCHIVED_NOTICE
2005-02-06,WORK,SPRING_FESTIVAL,0,2005,ARCHIVED_NOTICE
2005-02-09,OFF,SPRING_FESTIVAL,1,2005,ARCHIVED_NOTICE
2005-02-10,OFF,SPRING_FESTIVAL,1,2005,ARCHIVED_NOTICE
2005-02-11,OFF,SPRING_FESTIVAL,1,2005,ARCHIVED_NOTICE
2005-02-12,OFF,SPRING_FESTIVAL,0,2005,ARCHIVED_NOTICE
2005-02-13,OFF,SPRING_FESTIVAL,0,2005,ARCHIVED_NOTICE
2005-02-14,OFF,SPRING_FESTIVAL,0,2005,ARCHIVED_NOTICE
2005-02-15,OFF,SPRING_FESTIVAL,0,2005,ARCHIVED_NOTICE
2005-04-30,WORK,LABOUR_DAY,0,2005,ARCHIVED_NOTICE
2005-05-01,OFF,LABOUR_DAY,1,2005,ARCHIVED_NOTICE
2005-05-02,OFF,LABOUR_DAY,1,2005,ARCHIVED_NOTICE
2005-05-03,OFF,LABOUR_DAY,1,2005,ARCHIVED_NOTICE
2005-05-04,OFF,LABOUR_DAY,0,2005,ARCHIVED_NOTICE
2005-05-05,OFF,LABOUR_DAY,0,2005,ARCHIVED_NOTICE
2005-05-06,OFF,LABOUR_DAY,0,2005,ARCHIVED_NOTICE
2005-05-07,OFF,LABOUR_DAY,0,2005,ARCHIVED_NOTICE
2005-05-08,WORK,LABOUR_DAY,0,2005,ARCHIVED_NOTICE
2005-10-01,OFF,NATIONAL_DAY,1,2005,ARCHIVED_NOTICE
2005-10-02,OFF,NATIONAL_DAY,1,2005,ARCHIVED_NOTICE
2005-10-03,OFF,NATIONAL_DAY,1,2005,ARCHIVED_NOTICE
2005-10-04,OFF,NATIONAL_DAY,0,2005,ARCHIVED_NOTICE
2005-10-05,OFF,NATIONAL_DAY,0,2005,ARCHIVED_NOTICE
2005-10-06,OFF,NATIONAL_DAY,0,2005,ARCHIVED_NOTICE
2005-10-07,OFF,NATIONAL_DAY,0,2005,ARCHIVED_NOTICE
2005-10-08,WORK,NATIONAL_DAY,0,2005,ARCHIVED_NOTICE
2005-10-09,WORK,NATIONAL_DAY,0,2005,ARCHIVED_NOTICE
2006-01-01,OFF,NEW_YEAR,1,2006,ARCHIVED_NOTICE
2006-01-02,OFF,NEW_YEAR,0,2006,ARCHIVED_NOTICE
2006-01-03,OFF,NEW_YEAR,0,2006,ARCHIVED_NOTICE
2006-01-28,WORK,SPRING_FESTIVAL,0,2006,ARCHIVED_NOTICE
2006-01-29,OFF,SPRING_FESTIVAL,1,2006,ARCHIVED_NOTICE
2006-01-30,OFF,SPRING_FESTIVAL,1,2006,ARCHIVED_NOTICE
2006-01-31,OFF,SPRING_FESTIVAL,1,2006,ARCHIVED_NOTICE
2006-02-01,OFF,SPRING_FESTIVAL,0,2006,ARCHIVED_NOTICE
2006-02-02,OFF,SPRING_FESTIVAL,0,2006,ARCHIVED_NOTICE
2006-02-03,OFF,SPRING_FESTIVAL,0,2006,ARCHIVED_NOTICE
2006-02-04,OFF,SPRING_FESTIVAL,0,2006,ARCHIVED_NOTICE
2006-02-05,WORK,SPRING_FESTIVAL,0,2006,ARCHIVED_NOTICE
2006-04-29,WORK,LABOUR_DAY,0,2006,ARCHIVED_NOTICE
2006-04-30,WORK,LABOUR_DAY,0,2006,ARCHIVED_NOTICE
2006-05-01,OFF,LABOUR_DAY,1,2006,ARCHIVED_NOTICE
2006-05-02,OFF,LABOUR_DAY,1,2006,ARCHIVED_NOTICE
2006-05-03,OFF,LABOUR_DAY,1,2006,ARCHIVED_NOTICE
2006-05-04,OFF,LABOUR_DAY,0,2006,ARCHIVED_NOTICE
2006-05-05,OFF,LABOUR_DAY,0,2006,ARCHIVED_NOTICE
2006-05-06,OFF,LABOUR_DAY,0,2006,ARCHIVED_NOTICE
2006-05-07,OFF,LABOUR_DAY,0,2006,ARCHIVED_NOTICE
2006-09-30,WORK,NATIONAL_DAY,0,2006,ARCHIVED_NOTICE
2006-10-01,OFF,NATIONAL_DAY,1,2006,ARCHIVED_NOTICE
2006-10-02,OFF,NATIONAL_DAY,1,2006,ARCHIVED_NOTICE
2006-10-03,OFF,NATIONAL_DAY,1,2006,ARCHIVED_NOTICE
2006-10-04,OFF,NATIONAL_DAY,0,2006,ARCHIVED_NOTICE
2006-10-05,OFF,NATIONAL_DAY,0,2006,ARCHIVED_NOTICE
2006-10-06,OFF,NATIONAL_DAY,0,2006,ARCHIVED_NOTICE
2006-10-07,OFF,NATIONAL_DAY,0,2006,ARCHIVED_NOTICE
2006-10-08,WORK,NATIONAL_DAY,0,2006,ARCHIVED_NOTICE
2006-12-30,WORK,NEW_YEAR,0,2006,ARCHIVED_NOTICE
2006-12-31,WORK,NEW_YEAR,0,2006,ARCHIVED_NOTICE
2007-01-01,OFF,NEW_YEAR,1,2007,GOV_NOTICE
2007-01-02,OFF,NEW_YEAR,0,2007,GOV_NOTICE
2007-01-03,OFF,NEW_YEAR,0,2007,GOV_NOTICE
2007-02-17,WORK,SPRING_FESTIVAL,0,2007,GOV_NOTICE
2007-02-18,OFF,SPRING_FESTIVAL,1,2007,GOV_NOTICE
2007-02-19,OFF,SPRING_FESTIVAL,1,2007,GOV_NOTICE
2007-02-20,OFF,SPRING_FESTIVAL,1,2007,GOV_NOTICE
2007-02-21,OFF,SPRING_FESTIVAL,0,2007,GOV_NOTICE
2007-02-22,OFF,SPRING_FESTIVAL,0,2007,GOV_NOTICE
2007-02-23,OFF,SPRING_FESTIVAL,0,2007,GOV_NOTICE
2007-02-24,OFF,SPRING_FESTIVAL,0,2007,GOV_NOTICE
2007-02-25,WORK,SPRING_FESTIVAL,0,2007,GOV_NOTICE
2007-04-28,WORK,LABOUR_DAY,0,2007,GOV_NOTICE
2007-04-29,WORK,LABOUR_DAY,0,2007,GOV_NOTICE
2007-05-01,OFF,LABOUR_DAY,1,2007,GOV_NOTICE
2007-05-02,OFF,LABOUR_DAY,1,2007,GOV_NOTICE
2007-05-03,OFF,LABOUR_DAY,1,2007,GOV_NOTICE
2007-05-04,OFF,LABOUR_DAY,0,2007,GOV_NOTICE
2007-05-05,OFF,LABOUR_DAY,0,2007,GOV_NOTICE
2007-05-06,OFF,LABOUR_DAY,0,2007,GOV_NOTICE
2007-05-07,OFF,LABOUR_DAY,0,2007,GOV_NOTICE
2007-09-29,WORK,NATIONAL_DAY,0,2007,GOV_NOTICE
2007-09-30,WORK,NATIONAL_DAY,0,2007,GOV_NOTICE
2007-10-01,OFF,NATIONAL_DAY,1,2007,GOV_NOTICE
2007-10-02,OFF,NATIONAL_DAY,1,2007,GOV_NOTICE
2007-10-03,OFF,NATIONAL_DAY,1,2007,GOV_NOTICE
2007-10-04,OFF,NATIONAL_DAY,0,2007,GOV_NOTICE
2007-10-05,OFF,NATIONAL_DAY,0,2007,GOV_NOTICE
2007-10-06,OFF,NATIONAL_DAY,0,2007,GOV_NOTICE
2007-10-07,OFF,NATIONAL_DAY,0,2007,GOV_NOTICE
2007-12-29,WORK,NEW_YEAR,0,2007,GOV_NOTICE
2007-12-30,OFF,NEW_YEAR,0,2007,GOV_NOTICE
2007-12-31,OFF,NEW_YEAR,0,2007,GOV_NOTICE
2008-01-01,OFF,NEW_YEAR,1,2008,GOV_NOTICE
2008-02-02,WORK,SPRING_FESTIVAL,0,2008,GOV_NOTICE
2008-02-03,WORK,SPRING_FESTIVAL,0,2008,GOV_NOTICE
2008-02-06,OFF,SPRING_FESTIVAL,1,2008,GOV_NOTICE
2008-02-07,OFF,SPRING_FESTIVAL,1,2008,GOV_NOTICE
2008-02-08,OFF,SPRING_FESTIVAL,1,2008,GOV_NOTICE
2008-02-09,OFF,SPRING_FESTIVAL,0,2008,GOV_NOTICE
2008-02-10,OFF,SPRING_FESTIVAL,0,2008,GOV_NOTICE
2008-02-11,OFF,SPRING_FESTIVAL,0,2008,GOV_NOTICE
2008-02-12,OFF,SPRING_FESTIVAL,0,2008,GOV_NOTICE
2008-04-04,OFF,TOMB_SWEEPING,1,2008,GOV_NOTICE
2008-04-05,OFF,TOMB_SWEEPING,0,2008,GOV_NOTICE
2008-04-06,OFF,TOMB_SWEEPING,0,2008,GOV_NOTICE
2008-05-01,OFF,LABOUR_DAY,1,2008,GOV_NOTICE
2008-05-02,OFF,LABOUR_DAY,0,2008,GOV_NOTICE
2008-05-03,OFF,LABOUR_DAY,0,2008,GOV_NOTICE
2008-05-04,WORK,LABOUR_DAY,0,2008,GOV_NOTICE
2008-06-07,OFF,DRAGON_BOAT,0,2008,GOV_NOTICE
2008-06-08,OFF,DRAGON_BOAT,1,2008,GOV_NOTICE
2008-06-09,OFF,DRAGON_BOAT,0,2008,GOV_NOTICE
2008-09-13,OFF,MID_AUTUMN,0,2008,GOV_NOTICE
2008-09-14,OFF,MID_AUTUMN,1,2008,GOV_NOTICE
2008-09-15,OFF,MID_AUTUMN,0,2008,GOV_NOTICE
2008-09-27,WORK,NATIONAL_DAY,0,2008,GOV_NOTICE
2008-09-28,WORK,NATIONAL_DAY,0,2008,GOV_NOTICE
2008-09-29,OFF,NATIONAL_DAY,0,2008,GOV_NOTICE
2008-09-30,OFF,NATIONAL_DAY,0,2008,GOV_NOTICE
2008-10-01,OFF,NATIONAL_DAY,1,2008,GOV_NOTICE
2008-10-02,OFF,NATIONAL_DAY,1,2008,GOV_NOTICE
2008-10-03,OFF,NATIONAL_DAY,1,2008,GOV_NOTICE
2008-10-04,OFF,NATIONAL_DAY,0,2008,GOV_NOTICE
2008-10-05,OFF,NATIONAL_DAY,0,2008,GOV_NOTICE
2009-01-01,OFF,NEW_YEAR,1,2009,GOV_NOTICE
2009-01-02,OFF,NEW_YEAR,0,2009,GOV_NOTICE
2009-01-03,OFF,NEW_YEAR,0,2009,GOV_NOTICE
2009-01-04,WORK,NEW_YEAR,0,2009,GOV_NOTICE
2009-01-24,WORK,SPRING_FESTIVAL,0,2009,GOV_NOTICE
2009-01-25,OFF,SPRING_FESTIVAL,1,2009,GOV_NOTICE
2009-01-26,OFF,SPRING_FESTIVAL,1,2009,GOV_NOTICE
2009-01-27,OFF,SPRING_FESTIVAL,1,2009,GOV_NOTICE
2009-01-28,OFF,SPRING_FESTIVAL,0,2009,GOV_NOTICE
2009-01-29,OFF,SPRING_FESTIVAL,0,2009,GOV_NOTICE
2009-01-30,OFF,SPRING_FESTIVAL,0,2009,GOV_NOTICE
2009-01-31,OFF,SPRING_FESTIVAL,0,2009,GOV_NOTICE
2009-02-01,WORK,SPRING_FESTIVAL,0,2009,GOV_NOTICE
2009-04-04,OFF,TOMB_SWEEPING,1,2009,GOV_NOTICE
2009-04-05,OFF,TOMB_SWEEPING,0,2009,GOV_NOTICE
2009-04-06,OFF,TOMB_SWEEPING,0,2009,GOV_NOTICE
2009-05-01,OFF,LABOUR_DAY,1,2009,GOV_NOTICE
2009-05-02,OFF,LABOUR_DAY,0,2009,GOV_NOTICE
2009-05-03,OFF,LABOUR_DAY,0,2009,GOV_NOTICE
2009-05-28,OFF,DRAGON_BOAT,1,2009,GOV_NOTICE
2009-05-29,OFF,DRAGON_BOAT,0,2009,GOV_NOTICE
2009-05-30,OFF,DRAGON_BOAT,0,2009,GOV_NOTICE
2009-05-31,WORK,DRAGON_BOAT,0,2009,GOV_NOTICE
2009-09-27,WORK,NATIONAL_DAY,0,2009,GOV_NOTICE
2009-10-01,OFF,NATIONAL_DAY,1,2009,GOV_NOTICE
2009-10-02,OFF,NATIONAL_DAY,1,2009,GOV_NOTICE
2009-10-03,OFF,MID_AUTUMN,1,2009,GOV_NOTICE
2009-10-04,OFF,NATIONAL_DAY,0,2009,GOV_NOTICE
2009-10-05,OFF,NATIONAL_DAY,0,2009,GOV_NOTICE
2009-10-06,OFF,NATIONAL_DAY,0,2009,GOV_NOTICE
2009-10-07,OFF,NATIONAL_DAY,0,2009,GOV_NOTICE
2009-10-08,OFF,NATIONAL_DAY,0,2009,GOV_NOTICE
2009-10-10,WORK,NATIONAL_DAY,0,2009,GOV_NOTICE
2010-01-01,OFF,NEW_YEAR,1,2010,GOV_NOTICE
2010-01-02,OFF,NEW_YEAR,0,2010,GOV_NOTICE
2010-01-03,OFF,NEW_YEAR,0,2010,GOV_NOTICE
2010-02-13,OFF,SPRING_FESTIVAL,1,2010,GOV_NOTICE
2010-02-14,OFF,SPRING_FESTIVAL,1,2010,GOV_NOTICE
2010-02-15,OFF,SPRING_FESTIVAL,1,2010,GOV_NOTICE
2010-02-16,OFF,SPRING_FESTIVAL,0,2010,GOV_NOTICE
2010-02-17,OFF,SPRING_FESTIVAL,0,2010,GOV_NOTICE
2010-02-18,OFF,SPRING_FESTIVAL,0,2010,GOV_NOTICE
2010-02-19,OFF,SPRING_FESTIVAL,0,2010,GOV_NOTICE
2010-02-20,WORK,SPRING_FESTIVAL,0,2010,GOV_NOTICE
2010-02-21,WORK,SPRING_FESTIVAL,0,2010,GOV_NOTICE
2010-04-03,OFF,TOMB_SWEEPING,0,2010,GOV_NOTICE
2010-04-04,OFF,TOMB_SWEEPING,0,2010,GOV_NOTICE
2010-04-05,OFF,TOMB_SWEEPING,1,2010,GOV_NOTICE
2010-05-01,OFF,LABOUR_DAY,1,2010,GOV_NOTICE
2010-05-02,OFF,LABOUR_DAY,0,2010,GOV_NOTICE
2010-05-03,OFF,LABOUR_DAY,0,2010,GOV_NOTICE
2010-06-12,WORK,DRAGON_BOAT,0,2010,GOV_NOTICE
2010-06-13,WORK,DRAGON_BOAT,0,2010,GOV_NOTICE
2010-06-14,OFF,DRAGON_BOAT,0,2010,GOV_NOTICE
2010-06-15,OFF,DRAGON_BOAT,0,2010,GOV_NOTICE
2010-06-16,OFF,DRAGON_BOAT,1,2010,GOV_NOTICE
2010-09-19,WORK,MID_AUTUMN,0,2010,GOV_NOTICE
2010-09-22,OFF,MID_AUTUMN,1,2010,GOV_NOTICE
2010-09-23,OFF,MID_AUTUMN,0,2010,GOV_NOTICE
2010-09-24,OFF,MID_AUTUMN,0,2010,GOV_NOTICE
2010-09-25,WORK,MID_AUTUMN,0,2010,GOV_NOTICE
2010-09-26,WORK,NATIONAL_DAY,0,2010,GOV_NOTICE
2010-10-01,OFF,NATIONAL_DAY,1,2010,GOV_NOTICE
2010-10-02,OFF,NATIONAL_DAY,1,2010,GOV_NOTICE
2010-10-03,OFF,NATIONAL_DAY,1,2010,GOV_NOTICE
2010-10-04,OFF,NATIONAL_DAY,0,2010,GOV_NOTICE
2010-10-05,OFF,NATIONAL_DAY,0,2010,GOV_NOTICE
2010-10-06,OFF,NATIONAL_DAY,0,2010,GOV_NOTICE
2010-10-07,OFF,NATIONAL_DAY,0,2010,GOV_NOTICE
2010-10-09,WORK,NATIONAL_DAY,0,2010,GOV_NOTICE
2011-01-01,OFF,NEW_YEAR,1,2011,GOV_NOTICE
2011-01-02,OFF,NEW_YEAR,0,2011,GOV_NOTICE
2011-01-03,OFF,NEW_YEAR,0,2011,GOV_NOTICE
2011-01-30,WORK,SPRING_FESTIVAL,0,2011,GOV_NOTICE
2011-02-02,OFF,SPRING_FESTIVAL,1,2011,GOV_NOTICE
2011-02-03,OFF,SPRING_FESTIVAL,1,2011,GOV_NOTICE
2011-02-04,OFF,SPRING_FESTIVAL,1,2011,GOV_NOTICE
2011-02-05,OFF,SPRING_FESTIVAL,0,2011,GOV_NOTICE
2011-02-06,OFF,SPRING_FESTIVAL,0,2011,GOV_NOTICE
2011-02-07,OFF,SPRING_FESTIVAL,0,2011,GOV_NOTICE
2011-02-08,OFF,SPRING_FESTIVAL,0,2011,GOV_NOTICE
2011-02-12,WORK,SPRING_FESTIVAL,0,2011,GOV_NOTICE
2011-04-02,WORK,TOMB_SWEEPING,0,2011,GOV_NOTICE
2011-04-03,OFF,TOMB_SWEEPING,0,2011,GOV_NOTICE
2011-04-04,OFF,TOMB_SWEEPING,0,2011,GOV_NOTICE
2011-04-05,OFF,TOMB_SWEEPING,1,2011,GOV_NOTICE
2011-04-30,OFF,LABOUR_DAY,0,2011,GOV_NOTICE
2011-05-01,OFF,LABOUR_DAY,1,2011,GOV_NOTICE
2011-05-02,OFF,LABOUR_DAY,0,2011,GOV_NOTICE
2011-06-04,OFF,DRAGON_BOAT,0,2011,GOV_NOTICE
2011-06-06,OFF,DRAGON_BOAT,1,2011,GOV_NOTICE
2011-09-10,OFF,MID_AUTUMN,0,2011,GOV_NOTICE
2011-09-11,OFF,MID_AUTUMN,0,2011,GOV_NOTICE
2011-09-12,OFF,MID_AUTUMN,1,2011,GOV_NOTICE
2011-10-01,OFF,NATIONAL_DAY,1,2011,GOV_NOTICE
2011-10-02,OFF,NATIONAL_DAY,1,2011,GOV_NOTICE
2011-10-03,OFF,NATIONAL_DAY,1,2011,GOV_NOTICE
2011-10-04,OFF,NATIONAL_DAY,0,2011,GOV_NOTICE
2011-10-05,OFF,NATIONAL_DAY,0,2011,GOV_NOTICE
2011-10-06,OFF,NATIONAL_DAY,0,2011,GOV_NOTICE
2011-10-07,OFF,NATIONAL_DAY,0,2011,GOV_NOTICE
2011-10-08,WORK,NATIONAL_DAY,0,2011,GOV_NOTICE
2011-10-09,WORK,NATIONAL_DAY,0,2011,GOV_NOTICE
2011-12-31,WORK,NEW_YEAR,0,2011,GOV_NOTICE
2012-01-01,OFF,NEW_YEAR,1,2012,GOV_NOTICE
2012-01-02,OFF,NEW_YEAR,0,2012,GOV_NOTICE
2012-01-03,OFF,NEW_YEAR,0,2012,GOV_NOTICE
2012-01-21,WORK,SPRING_FESTIVAL,0,2012,GOV_NOTICE
2012-01-22,OFF,SPRING_FESTIVAL,1,2012,GOV_NOTICE
2012-01-23,OFF,SPRING_FESTIVAL,1,2012,GOV_NOTICE
2012-01-24,OFF,SPRING_FESTIVAL,1,2012,GOV_NOTICE
2012-01-25,OFF,SPRING_FESTIVAL,0,2012,GOV_NOTICE
2012-01-26,OFF,SPRING_FESTIVAL,0,2012,GOV_NOTICE
2012-01-27,OFF,SPRING_FESTIVAL,0,2012,GOV_NOTICE
2012-01-28,OFF,SPRING_FESTIVAL,0,2012,GOV_NOTICE
2012-01-29,WORK,SPRING_FESTIVAL,0,2012,GOV_NOTICE
2012-03-31,WORK,TOMB_SWEEPING,0,2012,GOV_NOTICE
2012-04-01,WORK,TOMB_SWEEPING,0,2012,GOV_NOTICE
2012-04-02,OFF,TOMB_SWEEPING,0,2012,GOV_NOTICE
2012-04-03,OFF,TOMB_SWEEPING,0,2012,GOV_NOTICE
2012-04-04,OFF,TOMB_SWEEPING,1,2012,GOV_NOTICE
2012-04-28,WORK,LABOUR_DAY,0,2012,GOV_NOTICE
2012-04-29,OFF,LABOUR_DAY,0,2012,GOV_NOTICE
2012-04-30,OFF,LABOUR_DAY,0,2012,GOV_NOTICE
2012-05-01,OFF,LABOUR_DAY,1,2012,GOV_NOTICE
2012-06-22,OFF,DRAGON_BOAT,0,2012,GOV_NOTICE
2012-06-24,OFF,DRAGON_BOAT,0,2012,GOV_NOTICE
2012-09-29,WORK,NATIONAL_DAY,0,2012,GOV_NOTICE
2012-09-30,OFF,MID_AUTUMN,1,2012,GOV_NOTICE
2012-10-01,OFF,NATIONAL_DAY,1,2012,GOV_NOTICE
2012-10-02,OFF,NATIONAL_DAY,1,2012,GOV_NOTICE
2012-10-03,OFF,NATIONAL_DAY,1,2012,GOV_NOTICE
2012-10-04,OFF,NATIONAL_DAY,0,2012,GOV_NOTICE
2012-10-05,OFF,NATIONAL_DAY,0,2012,GOV_NOTICE
2012-10-06,OFF,NATIONAL_DAY,0,2012,GOV_NOTICE
2012-10-07,OFF,NATIONAL_DAY,0,2012,GOV_NOTICE
2013-01-01,OFF,NEW_YEAR,1,2013,GOV_NOTICE
2013-01-02,OFF,NEW_YEAR,0,2013,GOV_NOTICE
2013-01-03,OFF,NEW_YEAR,0,2013,GOV_NOTICE
2013-01-05,WORK,NEW_YEAR,0,2013,GOV_NOTICE
2013-01-06,WORK,NEW_YEAR,0,2013,GOV_NOTICE
2013-02-09,OFF,SPRING_FESTIVAL,1,2013,GOV_NOTICE
2013-02-10,OFF,SPRING_FESTIVAL,1,2013,GOV_NOTICE
2013-02-11,OFF,SPRING_FESTIVAL,1,2013,GOV_NOTICE
2013-02-12,OFF,SPRING_FESTIVAL,0,2013,GOV_NOTICE
2013-02-13,OFF,SPRING_FESTIVAL,0,2013,GOV_NOTICE
2013-02-14,OFF,SPRING_FESTIVAL,0,2013,GOV_NOTICE
2013-02-15,OFF,SPRING_FESTIVAL,0,2013,GOV_NOTICE
2013-02-16,WORK,SPRING_FESTIVAL,0,2013,GOV_NOTICE
2013-02-17,WORK,SPRING_FESTIVAL,0,2013,GOV_NOTICE
2013-04-04,OFF,TOMB_SWEEPING,1,2013,GOV_NOTICE
2013-04-05,OFF,TOMB_SWEEPING,0,2013,GOV_NOTICE
2013-04-06,OFF,TOMB_SWEEPING,0,2013,GOV_NOTICE
2013-04-07,WORK,TOMB_SWEEPING,0,2013,GOV_NOTICE
2013-04-27,WORK,LABOUR_DAY,0,2013,GOV_NOTICE
2013-04-28,WORK,LABOUR_DAY,0,2013,GOV_NOTICE
2013-04-29,OFF,LABOUR_DAY,0,2013,GOV_NOTICE
2013-04-30,OFF,LABOUR_DAY,0,2013,GOV_NOTICE
2013-05-01,OFF,LABOUR_DAY,1,2013,GOV_NOTICE
2013-06-08,WORK,DRAGON_BOAT,0,2013,GOV_NOTICE
2013-06-09,WORK,DRAGON_BOAT,0,2013,GOV_NOTICE
2013-06-10,OFF,DRAGON_BOAT,0,2013,GOV_NOTICE
2013-06-11,OFF,DRAGON_BOAT,0,2013,GOV_NOTICE
2013-06-12,OFF,DRAGON_BOAT,1,2013,GOV_NOTICE
2013-09-19,OFF,MID_AUTUMN,1,2013,GOV_NOTICE
2013-09-20,OFF,MID_AUTUMN,0,2013,GOV_NOTICE
2013-09-21,OFF,MID_AUTUMN,0,2013,GOV_NOTICE
2013-09-22,WORK,MID_AUTUMN,0,2013,GOV_NOTICE
2013-09-29,WORK,NATIONAL_DAY,0,2013,GOV_NOTICE
2013-10-01,OFF,NATIONAL_DAY,1,2013,GOV_NOTICE
2013-10-02,OFF,NATIONAL_DAY,1,2013,GOV_NOTICE
2013-10-03,OFF,NATIONAL_DAY,1,2013,GOV_NOTICE
2013-10-04,OFF,NATIONAL_DAY,0,2013,GOV_NOTICE
2013-10-05,OFF,NATIONAL_DAY,0,2013,GOV_NOTICE
2013-10-06,OFF,NATIONAL_DAY,0,2013,GOV_NOTICE
2013-10-07,OFF,NATIONAL_DAY,0,2013,GOV_NOTICE
2013-10-12,WORK,NATIONAL_DAY,0,2013,GOV_NOTICE
2014-01-01,OFF,NEW_YEAR,1,2014,GOV_NOTICE
2014-01-26,WORK,SPRING_FESTIVAL,0,2014,GOV_NOTICE
2014-01-31,OFF,SPRING_FESTIVAL,1,2014,GOV_NOTICE
2014-02-01,OFF,SPRING_FESTIVAL,1,2014,GOV_NOTICE
2014-02-02,OFF,SPRING_FESTIVAL,1,2014,GOV_NOTICE
2014-02-03,OFF,SPRING_FESTIVAL,0,2014,GOV_NOTICE
2014-02-04,OFF,SPRING_FESTIVAL,0,2014,GOV_NOTICE
2014-02-05,OFF,SPRING_FESTIVAL,0,2014,GOV_NOTICE
2014-02-06,OFF,SPRING_FESTIVAL,0,2014,GOV_NOTICE
2014-02-08,WORK,SPRING_FESTIVAL,0,2014,GOV_NOTICE
2014-04-05,OFF,TOMB_SWEEPING,1,2014,GOV_NOTICE
2014-04-06,OFF,TOMB_SWEEPING,0,2014,GOV_NOTICE
2014-04-07,OFF,TOMB_SWEEPING,0,2014,GOV_NOTICE
2014-05-01,OFF,LABOUR_DAY,1,2014,GOV_NOTICE
2014-05-02,OFF,LABOUR_DAY,0,2014,GOV_NOTICE
2014-05-03,OFF,LABOUR_DAY,0,2014,GOV_NOTICE
2014-05-04,WORK,LABOUR_DAY,0,2014,GOV_NOTICE
2014-06-02,OFF,DRAGON_BOAT,1,2014,GOV_NOTICE
2014-09-08,OFF,MID_AUTUMN,1,2014,GOV_NOTICE
2014-09-28,WORK,NATIONAL_DAY,0,2014,GOV_NOTICE
2014-10-01,OFF,NATIONAL_DAY,1,2014,GOV_NOTICE
2014-10-02,OFF,NATIONAL_DAY,1,2014,GOV_NOTICE
2014-10-03,OFF,NATIONAL_DAY,1,2014,GOV_NOTICE
2014-10-04,OFF,NATIONAL_DAY,0,2014,GOV_NOTICE
2014-10-05,OFF,NATIONAL_DAY,0,2014,GOV_NOTICE
2014-10-06,OFF,NATIONAL_DAY,0,2014,GOV_NOTICE
2014-10-07,OFF,NATIONAL_DAY,0,2014,GOV_NOTICE
2014-10-11,WORK,NATIONAL_DAY,0,2014,GOV_NOTICE
2015-01-01,OFF,NEW_YEAR,1,2015,GOV_NOTICE
2015-01-02,OFF,NEW_YEAR,0,2015,GOV_NOTICE
2015-01-03,OFF,NEW_YEAR,0,2015,GOV_NOTICE
2015-01-04,WORK,NEW_YEAR,0,2015,GOV_NOTICE
2015-02-15,WORK,SPRING_FESTIVAL,0,2015,GOV_NOTICE
2015-02-18,OFF,SPRING_FESTIVAL,0,2015,GOV_NOTICE
2015-02-19,OFF,SPRING_FESTIVAL,1,2015,GOV_NOTICE
2015-02-20,OFF,SPRING_FESTIVAL,1,2015,GOV_NOTICE
2015-02-21,OFF,SPRING_FESTIVAL,1,2015,GOV_NOTICE
2015-02-22,OFF,SPRING_FESTIVAL,0,2015,GOV_NOTICE
2015-02-23,OFF,SPRING_FESTIVAL,0,2015,GOV_NOTICE
2015-02-24,OFF,SPRING_FESTIVAL,0,2015,GOV_NOTICE
2015-02-28,WORK,SPRING_FESTIVAL,0,2015,GOV_NOTICE
2015-04-05,OFF,TOMB_SWEEPING,1,2015,GOV_NOTICE
2015-04-06,OFF,TOMB_SWEEPING,0,2015,GOV_NOTICE
2015-05-01,OFF,LABOUR_DAY,1,2015,GOV_NOTICE
2015-06-20,OFF,DRAGON_BOAT,1,2015,GOV_NOTICE
2015-06-22,OFF,DRAGON_BOAT,0,2015,GOV_NOTICE
2015-09-03,OFF,VICTORY_DAY_70,0,2015,GOV_NOTICE
2015-09-04,OFF,VICTORY_DAY_70,0,2015,GOV_NOTICE
2015-09-06,WORK,VICTORY_DAY_70,0,2015,GOV_NOTICE
2015-09-27,OFF,MID_AUTUMN,1,2015,GOV_NOTICE
2015-10-01,OFF,NATIONAL_DAY,1,2015,GOV_NOTICE
2015-10-02,OFF,NATIONAL_DAY,1,2015,GOV_NOTICE
2015-10-03,OFF,NATIONAL_DAY,1,2015,GOV_NOTICE
2015-10-04,OFF,NATIONAL_DAY,0,2015,GOV_NOTICE
2015-10-05,OFF,NATIONAL_DAY,0,2015,GOV_NOTICE
2015-10-06,OFF,NATIONAL_DAY,0,2015,GOV_NOTICE
2015-10-07,OFF,NATIONAL_DAY,0,2015,GOV_NOTICE
2015-10-10,WORK,NATIONAL_DAY,0,2015,GOV_NOTICE
2016-01-01,OFF,NEW_YEAR,1,2016,GOV_NOTICE
2016-02-06,WORK,SPRING_FESTIVAL,0,2016,GOV_NOTICE
2016-02-07,OFF,SPRING_FESTIVAL,0,2016,GOV_NOTICE
2016-02-08,OFF,SPRING_FESTIVAL,1,2016,GOV_NOTICE
2016-02-09,OFF,SPRING_FESTIVAL,1,2016,GOV_NOTICE
2016-02-10,OFF,SPRING_FESTIVAL,1,2016,GOV_NOTICE
2016-02-11,OFF,SPRING_FESTIVAL,0,2016,GOV_NOTICE
2016-02-12,OFF,SPRING_FESTIVAL,0,2016,GOV_NOTICE
2016-02-13,OFF,SPRING_FESTIVAL,0,2016,GOV_NOTICE
2016-02-14,WORK,SPRING_FESTIVAL,0,2016,GOV_NOTICE
2016-04-04,OFF,TOMB_SWEEPING,1,2016,GOV_NOTICE
2016-05-01,OFF,LABOUR_DAY,1,2016,GOV_NOTICE
2016-05-02,OFF,LABOUR_DAY,0,2016,GOV_NOTICE
2016-06-09,OFF,DRAGON_BOAT,1,2016,GOV_NOTICE
2016-06-10,OFF,DRAGON_BOAT,0,2016,GOV_NOTICE
2016-06-11,OFF,DRAGON_BOAT,0,2016,GOV_NOTICE
2016-06-12,WORK,DRAGON_BOAT,0,2016,GOV_NOTICE
2016-09-15,OFF,MID_AUTUMN,1,2016,GOV_NOTICE
2016-09-16,OFF,MID_AUTUMN,0,2016,GOV_NOTICE
2016-09-17,OFF,MID_AUTUMN,0,2016,GOV_NOTICE
2016-09-18,WORK,MID_AUTUMN,0,2016,GOV_NOTICE
2016-10-01,OFF,NATIONAL_DAY,1,2016,GOV_NOTICE
2016-10-02,OFF,NATIONAL_DAY,1,2016,GOV_NOTICE
2016-10-03,OFF,NATIONAL_DAY,1,2016,GOV_NOTICE
2016-10-04,OFF,NATIONAL_DAY,0,2016,GOV_NOTICE
2016-10-05,OFF,NATIONAL_DAY,0,2016,GOV_NOTICE
2016-10-06,OFF,NATIONAL_DAY,0,2016,GOV_NOTICE
2016-10-07,OFF,NATIONAL_DAY,0,2016,GOV_NOTICE
2016-10-08,WORK,NATIONAL_DAY,0,2016,GOV_NOTICE
2016-10-09,WORK,NATIONAL_DAY,0,2016,GOV_NOTICE
2017-01-01,OFF,NEW_YEAR,1,2017,GOV_NOTICE
2017-01-02,OFF,NEW_YEAR,0,2017,GOV_NOTICE
2017-01-22,WORK,SPRING_FESTIVAL,0,2017,GOV_NOTICE
2017-01-27,OFF,SPRING_FESTIVAL,0,2017,GOV_NOTICE
2017-01-28,OFF,SPRING_FESTIVAL,1,2017,GOV_NOTICE
2017-01-29,OFF,SPRING_FESTIVAL,1,2017,GOV_NOTICE
2017-01-30,OFF,SPRING_FESTIVAL,1,2017,GOV_NOTICE
2017-01-31,OFF,SPRING_FESTIVAL,0,2017,GOV_NOTICE
2017-02-01,OFF,SPRING_FESTIVAL,0,2017,GOV_NOTICE
2017-02-02,OFF,SPRING_FESTIVAL,0,2017,GOV_NOTICE
2017-02-04,WORK,SPRING_FESTIVAL,0,2017,GOV_NOTICE
2017-04-01,WORK,TOMB_SWEEPING,0,2017,GOV_NOTICE
2017-04-02,OFF,TOMB_SWEEPING,0,2017,GOV_NOTICE
2017-04-03,OFF,TOMB_SWEEPING,0,2017,GOV_NOTICE
2017-04-04,OFF,TOMB_SWEEPING,1,2017,GOV_NOTICE
2017-05-01,OFF,LABOUR_DAY,1,2017,GOV_NOTICE
2017-05-27,WORK,DRAGON_BOAT,0,2017,GOV_NOTICE
2017-05-28,OFF,DRAGON_BOAT,0,2017,GOV_NOTICE
2017-05-29,OFF,DRAGON_BOAT,0,2017,GOV_NOTICE
2017-05-30,OFF,DRAGON_BOAT,1,2017,GOV_NOTICE
2017-09-30,WORK,NATIONAL_DAY,0,2017,GOV_NOTICE
2017-10-01,OFF,NATIONAL_DAY,1,2017,GOV_NOTICE
2017-10-02,OFF,NATIONAL_DAY,1,2017,GOV_NOTICE
2017-10-03,OFF,NATIONAL_DAY,1,2017,GOV_NOTICE
2017-10-04,OFF,MID_AUTUMN,1,2017,GOV_NOTICE
2017-10-05,OFF,NATIONAL_DAY,0,2017,GOV_NOTICE
2017-10-06,OFF,NATIONAL_DAY,0,2017,GOV_NOTICE
2017-10-07,OFF,NATIONAL_DAY,0,2017,GOV_NOTICE
2017-10-08,OFF,NATIONAL_DAY,0,2017,GOV_NOTICE
2018-01-01,OFF,NEW_YEAR,1,2018,GOV_NOTICE
2018-02-11,WORK,SPRING_FESTIVAL,0,2018,GOV_NOTICE
2018-02-15,OFF,SPRING_FESTIVAL,0,2018,GOV_NOTICE
2018-02-16,OFF,SPRING_FESTIVAL,1,2018,GOV_NOTICE
2018-02-17,OFF,SPRING_FESTIVAL,1,2018,GOV_NOTICE
2018-02-18,OFF,SPRING_FESTIVAL,1,2018,GOV_NOTICE
2018-02-19,OFF,SPRING_FESTIVAL,0,2018,GOV_NOTICE
2018-02-20,OFF,SPRING_FESTIVAL,0,2018,GOV_NOTICE
2018-02-21,OFF,SPRING_FESTIVAL,0,2018,GOV_NOTICE
2018-02-24,WORK,SPRING_FESTIVAL,0,2018,GOV_NOTICE
2018-04-05,OFF,TOMB_SWEEPING,1,2018,GOV_NOTICE
2018-04-06,OFF,TOMB_SWEEPING,0,2018,GOV_NOTICE
2018-04-07,OFF,TOMB_SWEEPING,0,2018,GOV_NOTICE
2018-04-08,WORK,TOMB_SWEEPING,0,2018,GOV_NOTICE
2018-04-28,WORK,LABOUR_DAY,0,2018,GOV_NOTICE
2018-04-29,OFF,LABOUR_DAY,0,2018,GOV_NOTICE
2018-04-30,OFF,LABOUR_DAY,0,2018,GOV_NOTICE
2018-05-01,OFF,LABOUR_DAY,1,2018,GOV_NOTICE
2018-06-18,OFF,DRAGON_BOAT,1,2018,GOV_NOTICE
2018-09-24,OFF,MID_AUTUMN,1,2018,GOV_NOTICE
2018-09-29,WORK,NATIONAL_DAY,0,2018,GOV_NOTICE
2018-09-30,WORK,NATIONAL_DAY,0,2018,GOV_NOTICE
2018-10-01,OFF,NATIONAL_DAY,1,2018,GOV_NOTICE
2018-10-02,OFF,NATIONAL_DAY,1,2018,GOV_NOTICE
2018-10-03,OFF,NATIONAL_DAY,1,2018,GOV_NOTICE
2018-10-04,OFF,NATIONAL_DAY,0,2018,GOV_NOTICE
2018-10-05,OFF,NATIONAL_DAY,0,2018,GOV_NOTICE
2018-10-06,OFF,NATIONAL_DAY,0,2018,GOV_NOTICE
2018-10-07,OFF,NATIONAL_DAY,0,2018,GOV_NOTICE
2018-12-29,WORK,NEW_YEAR,0,2018,GOV_NOTICE
2018-12-30,OFF,NEW_YEAR,0,2018,GOV_NOTICE
2018-12-31,OFF,NEW_YEAR,0,2018,GOV_NOTICE
2019-01-01,OFF,NEW_YEAR,1,2019,GOV_NOTICE
2019-02-02,WORK,SPRING_FESTIVAL,0,2019,GOV_NOTICE
2019-02-03,WORK,SPRING_FESTIVAL,0,2019,GOV_NOTICE
2019-02-04,OFF,SPRING_FESTIVAL,0,2019,GOV_NOTICE
2019-02-05,OFF,SPRING_FESTIVAL,1,2019,GOV_NOTICE
2019-02-06,OFF,SPRING_FESTIVAL,1,2019,GOV_NOTICE
2019-02-07,OFF,SPRING_FESTIVAL,1,2019,GOV_NOTICE
2019-02-08,OFF,SPRING_FESTIVAL,0,2019,GOV_NOTICE
2019-02-09,OFF,SPRING_FESTIVAL,0,2019,GOV_NOTICE
2019-02-10,OFF,SPRING_FESTIVAL,0,2019,GOV_NOTICE
2019-04-05,OFF,TOMB_SWEEPING,1,2019,GOV_NOTICE
2019-04-06,OFF,TOMB_SWEEPING,0,2019,GOV_NOTICE
2019-04-07,OFF,TOMB_SWEEPING,0,2019,GOV_NOTICE
2019-04-28,WORK,LABOUR_DAY,0,2019,GOV_NOTICE
2019-05-01,OFF,LABOUR_DAY,1,2019,GOV_NOTICE
2019-05-02,OFF,LABOUR_DAY,0,2019,GOV_NOTICE
2019-05-03,OFF,LABOUR_DAY,0,2019,GOV_NOTICE
2019-05-04,OFF,LABOUR_DAY,0,2019,GOV_NOTICE
2019-05-05,WORK,LABOUR_DAY,0,2019,GOV_NOTICE
2019-06-07,OFF,DRAGON_BOAT,1,2019,GOV_NOTICE
2019-06-08,OFF,DRAGON_BOAT,0,2019,GOV_NOTICE
2019-06-09,OFF,DRAGON_BOAT,0,2019,GOV_NOTICE
2019-09-13,OFF,MID_AUTUMN,1,2019,GOV_NOTICE
2019-09-14,OFF,MID_AUTUMN,0,2019,GOV_NOTICE
2019-09-15,OFF,MID_AUTUMN,0,2019,GOV_NOTICE
2019-09-29,WORK,NATIONAL_DAY,0,2019,GOV_NOTICE
2019-10-01,OFF,NATIONAL_DAY,1,2019,GOV_NOTICE
2019-10-02,OFF,NATIONAL_DAY,1,2019,GOV_NOTICE
2019-10-03,OFF,NATIONAL_DAY,1,2019,GOV_NOTICE
2019-10-04,OFF,NATIONAL_DAY,0,2019,GOV_NOTICE
2019-10-05,OFF,NATIONAL_DAY,0,2019,GOV_NOTICE
2019-10-06,OFF,NATIONAL_DAY,0,2019,GOV_NOTICE
2019-10-07,OFF,NATIONAL_DAY,0,2019,GOV_NOTICE
2019-10-12,WORK,NATIONAL_DAY,0,2019,GOV_NOTICE
2020-01-01,OFF,NEW_YEAR,1,2020,GOV_NOTICE
2020-01-19,WORK,SPRING_FESTIVAL,0,2020,GOV_NOTICE
2020-01-24,OFF,SPRING_FESTIVAL,0,2020,GOV_NOTICE
2020-01-25,OFF,SPRING_FESTIVAL,1,2020,GOV_NOTICE
2020-01-26,OFF,SPRING_FESTIVAL,1,2020,GOV_NOTICE
2020-01-27,OFF,SPRING_FESTIVAL,1,2020,GOV_NOTICE
2020-01-28,OFF,SPRING_FESTIVAL,0,2020,GOV_NOTICE
2020-01-29,OFF,SPRING_FESTIVAL,0,2020,GOV_NOTICE
2020-01-30,OFF,SPRING_FESTIVAL,0,2020,GOV_NOTICE
2020-01-31,OFF,SPRING_FESTIVAL,0,2020,GOV_NOTICE
2020-02-01,OFF,SPRING_FESTIVAL,0,2020,GOV_NOTICE
2020-02-02,OFF,SPRING_FESTIVAL,0,2020,GOV_NOTICE
2020-04-04,OFF,TOMB_SWEEPING,1,2020,GOV_NOTICE
2020-04-05,OFF,TOMB_SWEEPING,0,2020,GOV_NOTICE
2020-04-06,OFF,TOMB_SWEEPING,0,2020,GOV_NOTICE
2020-04-26,WORK,LABOUR_DAY,0,2020,GOV_NOTICE
2020-05-01,OFF,LABOUR_DAY,1,2020,GOV_NOTICE
2020-05-02,OFF,LABOUR_DAY,0,2020,GOV_NOTICE
2020-05-03,OFF,LABOUR_DAY,0,2020,GOV_NOTICE
2020-05-04,OFF,LABOUR_DAY,0,2020,GOV_NOTICE
2020-05-05,OFF,LABOUR_DAY,0,2020,GOV_NOTICE
2020-05-09,WORK,LABOUR_DAY,0,2020,GOV_NOTICE
2020-06-25,OFF,DRAGON_BOAT,1,2020,GOV_NOTICE
2020-06-26,OFF,DRAGON_BOAT,0,2020,GOV_NOTICE
2020-06-27,OFF,DRAGON_BOAT,0,2020,GOV_NOTICE
2020-06-28,WORK,DRAGON_BOAT,0,2020,GOV_NOTICE
2020-09-27,WORK,NATIONAL_DAY,0,2020,GOV_NOTICE
2020-10-01,OFF,NATIONAL_DAY,1,2020,GOV_NOTICE
2020-10-02,OFF,NATIONAL_DAY,1,2020,GOV_NOTICE
2020-10-03,OFF,NATIONAL_DAY,1,2020,GOV_NOTICE
2020-10-04,OFF,NATIONAL_DAY,0,2020,GOV_NOTICE
2020-10-05,OFF,NATIONAL_DAY,0,2020,GOV_NOTICE
2020-10-06,OFF,NATIONAL_DAY,0,2020,GOV_NOTICE
2020-10-07,OFF,NATIONAL_DAY,0,2020,GOV_NOTICE
2020-10-08,OFF,NATIONAL_DAY,0,2020,GOV_NOTICE
2020-10-10,WORK,NATIONAL_DAY,0,2020,GOV_NOTICE
2021-01-01,OFF,NEW_YEAR,1,2021,GOV_NOTICE
2021-01-02,OFF,NEW_YEAR,0,2021,GOV_NOTICE
2021-01-03,OFF,NEW_YEAR,0,2021,GOV_NOTICE
2021-02-07,WORK,SPRING_FESTIVAL,0,2021,GOV_NOTICE
2021-02-11,OFF,SPRING_FESTIVAL,0,2021,GOV_NOTICE
2021-02-12,OFF,SPRING_FESTIVAL,1,2021,GOV_NOTICE
2021-02-13,OFF,SPRING_FESTIVAL,1,2021,GOV_NOTICE
2021-02-14,OFF,SPRING_FESTIVAL,1,2021,GOV_NOTICE
2021-02-15,OFF,SPRING_FESTIVAL,0,2021,GOV_NOTICE
2021-02-16,OFF,SPRING_FESTIVAL,0,2021,GOV_NOTICE
2021-02-17,OFF,SPRING_FESTIVAL,0,2021,GOV_NOTICE
2021-02-20,WORK,SPRING_FESTIVAL,0,2021,GOV_NOTICE
2021-04-03,OFF,TOMB_SWEEPING,0,2021,GOV_NOTICE
2021-04-04,OFF,TOMB_SWEEPING,1,2021,GOV_NOTICE
2021-04-05,OFF,TOMB_SWEEPING,0,2021,GOV_NOTICE
2021-04-25,WORK,LABOUR_DAY,0,2021,GOV_NOTICE
2021-05-01,OFF,LABOUR_DAY,1,2021,GOV_NOTICE
2021-05-02,OFF,LABOUR_DAY,0,2021,GOV_NOTICE
2021-05-03,OFF,LABOUR_DAY,0,2021,GOV_NOTICE
2021-05-04,OFF,LABOUR_DAY,0,2021,GOV_NOTICE
2021-05-05,OFF,LABOUR_DAY,0,2021,GOV_NOTICE
2021-05-08,WORK,LABOUR_DAY,0,2021,GOV_NOTICE
2021-06-12,OFF,DRAGON_BOAT,0,2021,GOV_NOTICE
2021-06-13,OFF,DRAGON_BOAT,0,2021,GOV_NOTICE
2021-06-14,OFF,DRAGON_BOAT,1,2021,GOV_NOTICE
2021-09-18,WORK,MID_AUTUMN,0,2021,GOV_NOTICE
2021-09-19,OFF,MID_AUTUMN,0,2021,GOV_NOTICE
2021-09-20,OFF,MID_AUTUMN,0,2021,GOV_NOTICE
2021-09-21,OFF,MID_AUTUMN,1,2021,GOV_NOTICE
2021-09-26,WORK,NATIONAL_DAY,0,2021,GOV_NOTICE
2021-10-01,OFF,NATIONAL_DAY,1,2021,GOV_NOTICE
2021-10-02,OFF,NATIONAL_DAY,1,2021,GOV_NOTICE
2021-10-03,OFF,NATIONAL_DAY,1,2021,GOV_NOTICE
2021-10-04,OFF,NATIONAL_DAY,0,2021,GOV_NOTICE
2021-10-05,OFF,NATIONAL_DAY,0,2021,GOV_NOTICE
2021-10-06,OFF,NATIONAL_DAY,0,2021,GOV_NOTICE
2021-10-07,OFF,NATIONAL_DAY,0,2021,GOV_NOTICE
2021-10-09,WORK,NATIONAL_DAY,0,2021,GOV_NOTICE
2022-01-01,OFF,NEW_YEAR,1,2022,GOV_NOTICE
2022-01-02,OFF,NEW_YEAR,0,2022,GOV_NOTICE
2022-01-03,OFF,NEW_YEAR,0,2022,GOV_NOTICE
2022-01-29,WORK,SPRING_FESTIVAL,0,2022,GOV_NOTICE
2022-01-30,WORK,SPRING_FESTIVAL,0,2022,GOV_NOTICE
2022-01-31,OFF,SPRING_FESTIVAL,0,2022,GOV_NOTICE
2022-02-01,OFF,SPRING_FESTIVAL,1,2022,GOV_NOTICE
2022-02-02,OFF,SPRING_FESTIVAL,1,2022,GOV_NOTICE
2022-02-03,OFF,SPRING_FESTIVAL,1,2022,GOV_NOTICE
2022-02-04,OFF,SPRING_FESTIVAL,0,2022,GOV_NOTICE
2022-02-05,OFF,SPRING_FESTIVAL,0,2022,GOV_NOTICE
2022-02-06,OFF,SPRING_FESTIVAL,0,2022,GOV_NOTICE
2022-04-02,WORK,TOMB_SWEEPING,0,2022,GOV_NOTICE
2022-04-03,OFF,TOMB_SWEEPING,0,2022,GOV_NOTICE
2022-04-04,OFF,TOMB_SWEEPING,0,2022,GOV_NOTICE
2022-04-05,OFF,TOMB_SWEEPING,1,2022,GOV_NOTICE
2022-04-24,WORK,LABOUR_DAY,0,2022,GOV_NOTICE
2022-04-30,OFF,LABOUR_DAY,0,2022,GOV_NOTICE
2022-05-01,OFF,LABOUR_DAY,1,2022,GOV_NOTICE
2022-05-02,OFF,LABOUR_DAY,0,2022,GOV_NOTICE
2022-05-03,OFF,LABOUR_DAY,0,2022,GOV_NOTICE
2022-05-04,OFF,LABOUR_DAY,0,2022,GOV_NOTICE
2022-05-07,WORK,LABOUR_DAY,0,2022,GOV_NOTICE
2022-06-03,OFF,DRAGON_BOAT,1,2022,GOV_NOTICE
2022-06-04,OFF,DRAGON_BOAT,0,2022,GOV_NOTICE
2022-06-05,OFF,DRAGON_BOAT,0,2022,GOV_NOTICE
2022-09-10,OFF,MID_AUTUMN,1,2022,GOV_NOTICE
2022-09-11,OFF,MID_AUTUMN,0,2022,GOV_NOTICE
2022-09-12,OFF,MID_AUTUMN,0,2022,GOV_NOTICE
2022-10-01,OFF,NATIONAL_DAY,1,2022,GOV_NOTICE
2022-10-02,OFF,NATIONAL_DAY,1,2022,GOV_NOTICE
2022-10-03,OFF,NATIONAL_DAY,1,2022,GOV_NOTICE
2022-10-04,OFF,NATIONAL_DAY,0,2022,GOV_NOTICE
2022-10-05,OFF,NATIONAL_DAY,0,2022,GOV_NOTICE
2022-10-06,OFF,NATIONAL_DAY,0,2022,GOV_NOTICE
2022-10-07,OFF,NATIONAL_DAY,0,2022,GOV_NOTICE
2022-10-08,WORK,NATIONAL_DAY,0,2022,GOV_NOTICE
2022-10-09,WORK,NATIONAL_DAY,0,2022,GOV_NOTICE
2022-12-31,OFF,NEW_YEAR,0,2022,GOV_NOTICE
2023-01-01,OFF,NEW_YEAR,1,2023,GOV_NOTICE
2023-01-02,OFF,NEW_YEAR,0,2023,GOV_NOTICE
2023-01-21,OFF,SPRING_FESTIVAL,0,2023,GOV_NOTICE
2023-01-22,OFF,SPRING_FESTIVAL,1,2023,GOV_NOTICE
2023-01-23,OFF,SPRING_FESTIVAL,1,2023,GOV_NOTICE
2023-01-24,OFF,SPRING_FESTIVAL,1,2023,GOV_NOTICE
2023-01-25,OFF,SPRING_FESTIVAL,0,2023,GOV_NOTICE
2023-01-26,OFF,SPRING_FESTIVAL,0,2023,GOV_NOTICE
2023-01-27,OFF,SPRING_FESTIVAL,0,2023,GOV_NOTICE
2023-01-28,WORK,SPRING_FESTIVAL,0,2023,GOV_NOTICE
2023-01-29,WORK,SPRING_FESTIVAL,0,2023,GOV_NOTICE
2023-04-05,OFF,TOMB_SWEEPING,1,2023,GOV_NOTICE
2023-04-23,WORK,LABOUR_DAY,0,2023,GOV_NOTICE
2023-04-29,OFF,LABOUR_DAY,0,2023,GOV_NOTICE
2023-04-30,OFF,LABOUR_DAY,0,2023,GOV_NOTICE
2023-05-01,OFF,LABOUR_DAY,1,2023,GOV_NOTICE
2023-05-02,OFF,LABOUR_DAY,0,2023,GOV_NOTICE
2023-05-03,OFF,LABOUR_DAY,0,2023,GOV_NOTICE
2023-05-06,WORK,LABOUR_DAY,0,2023,GOV_NOTICE
2023-06-22,OFF,DRAGON_BOAT,1,2023,GOV_NOTICE
2023-06-23,OFF,DRAGON_BOAT,0,2023,GOV_NOTICE
2023-06-24,OFF,DRAGON_BOAT,0,2023,GOV_NOTICE
2023-06-25,WORK,DRAGON_BOAT,0,2023,GOV_NOTICE
2023-09-29,OFF,MID_AUTUMN,1,2023,GOV_NOTICE
2023-09-30,OFF,NATIONAL_DAY,0,2023,GOV_NOTICE
2023-10-01,OFF,NATIONAL_DAY,1,2023,GOV_NOTICE
2023-10-02,OFF,NATIONAL_DAY,1,2023,GOV_NOTICE
2023-10-03,OFF,NATIONAL_DAY,1,2023,GOV_NOTICE
2023-10-04,OFF,NATIONAL_DAY,0,2023,GOV_NOTICE
2023-10-05,OFF,NATIONAL_DAY,0,2023,GOV_NOTICE
2023-10-06,OFF,NATIONAL_DAY,0,2023,GOV_NOTICE
2023-10-07,WORK,NATIONAL_DAY,0,2023,GOV_NOTICE
2023-10-08,WORK,NATIONAL_DAY,0,2023,GOV_NOTICE
2024-01-01,OFF,NEW_YEAR,1,2024,GOV_NOTICE
2024-02-04,WORK,SPRING_FESTIVAL,0,2024,GOV_NOTICE
2024-02-10,OFF,SPRING_FESTIVAL,1,2024,GOV_NOTICE
2024-02-11,OFF,SPRING_FESTIVAL,1,2024,GOV_NOTICE
2024-02-12,OFF,SPRING_FESTIVAL,1,2024,GOV_NOTICE
2024-02-13,OFF,SPRING_FESTIVAL,0,2024,GOV_NOTICE
2024-02-14,OFF,SPRING_FESTIVAL,0,2024,GOV_NOTICE
2024-02-15,OFF,SPRING_FESTIVAL,0,2024,GOV_NOTICE
2024-02-16,OFF,SPRING_FESTIVAL,0,2024,GOV_NOTICE
2024-02-17,OFF,SPRING_FESTIVAL,0,2024,GOV_NOTICE
2024-02-18,WORK,SPRING_FESTIVAL,0,2024,GOV_NOTICE
2024-04-04,OFF,TOMB_SWEEPING,1,2024,GOV_NOTICE
2024-04-05,OFF,TOMB_SWEEPING,0,2024,GOV_NOTICE
2024-04-06,OFF,TOMB_SWEEPING,0,2024,GOV_NOTICE
2024-04-07,WORK,TOMB_SWEEPING,0,2024,GOV_NOTICE
2024-04-28,WORK,LABOUR_DAY,0,2024,GOV_NOTICE
2024-05-01,OFF,LABOUR_DAY,1,2024,GOV_NOTICE
2024-05-02,OFF,LABOUR_DAY,0,2024,GOV_NOTICE
2024-05-03,OFF,LABOUR_DAY,0,2024,GOV_NOTICE
2024-05-04,OFF,LABOUR_DAY,0,2024,GOV_NOTICE
2024-05-05,OFF,LABOUR_DAY,0,2024,GOV_NOTICE
2024-05-11,WORK,LABOUR_DAY,0,2024,GOV_NOTICE
2024-06-10,OFF,DRAGON_BOAT,1,2024,GOV_NOTICE
2024-09-14,WORK,MID_AUTUMN,0,2024,GOV_NOTICE
2024-09-15,OFF,MID_AUTUMN,0,2024,GOV_NOTICE
2024-09-16,OFF,MID_AUTUMN,0,2024,GOV_NOTICE
2024-09-17,OFF,MID_AUTUMN,1,2024,GOV_NOTICE
2024-09-29,WORK,NATIONAL_DAY,0,2024,GOV_NOTICE
2024-10-01,OFF,NATIONAL_DAY,1,2024,GOV_NOTICE
2024-10-02,OFF,NATIONAL_DAY,1,2024,GOV_NOTICE
2024-10-03,OFF,NATIONAL_DAY,1,2024,GOV_NOTICE
2024-10-04,OFF,NATIONAL_DAY,0,2024,GOV_NOTICE
2024-10-05,OFF,NATIONAL_DAY,0,2024,GOV_NOTICE
2024-10-06,OFF,NATIONAL_DAY,0,2024,GOV_NOTICE
2024-10-07,OFF,NATIONAL_DAY,0,2024,GOV_NOTICE
2024-10-12,WORK,NATIONAL_DAY,0,2024,GOV_NOTICE
2025-01-01,OFF,NEW_YEAR,1,2025,GOV_NOTICE
2025-01-26,WORK,SPRING_FESTIVAL,0,2025,GOV_NOTICE
2025-01-28,OFF,SPRING_FESTIVAL,1,2025,GOV_NOTICE
2025-01-29,OFF,SPRING_FESTIVAL,1,2025,GOV_NOTICE
2025-01-30,OFF,SPRING_FESTIVAL,1,2025,GOV_NOTICE
2025-01-31,OFF,SPRING_FESTIVAL,1,2025,GOV_NOTICE
2025-02-01,OFF,SPRING_FESTIVAL,0,2025,GOV_NOTICE
2025-02-02,OFF,SPRING_FESTIVAL,0,2025,GOV_NOTICE
2025-02-03,OFF,SPRING_FESTIVAL,0,2025,GOV_NOTICE
2025-02-04,OFF,SPRING_FESTIVAL,0,2025,GOV_NOTICE
2025-02-08,WORK,SPRING_FESTIVAL,0,2025,GOV_NOTICE
2025-04-04,OFF,TOMB_SWEEPING,1,2025,GOV_NOTICE
2025-04-05,OFF,TOMB_SWEEPING,0,2025,GOV_NOTICE
2025-04-06,OFF,TOMB_SWEEPING,0,2025,GOV_NOTICE
2025-04-27,WORK,LABOUR_DAY,0,2025,GOV_NOTICE
2025-05-01,OFF,LABOUR_DAY,1,2025,GOV_NOTICE
2025-05-02,OFF,LABOUR_DAY,1,2025,GOV_NOTICE
2025-05-03,OFF,LABOUR_DAY,0,2025,GOV_NOTICE
2025-05-04,OFF,LABOUR_DAY,0,2025,GOV_NOTICE
2025-05-05,OFF,LABOUR_DAY,0,2025,GOV_NOTICE
2025-05-31,OFF,DRAGON_BOAT,1,2025,GOV_NOTICE
2025-06-01,OFF,DRAGON_BOAT,0,2025,GOV_NOTICE
2025-06-02,OFF,DRAGON_BOAT,0,2025,GOV_NOTICE
2025-09-28,WORK,NATIONAL_DAY,0,2025,GOV_NOTICE
2025-10-01,OFF,NATIONAL_DAY,1,2025,GOV_NOTICE
2025-10-02,OFF,NATIONAL_DAY,1,2025,GOV_NOTICE
2025-10-03,OFF,NATIONAL_DAY,1,2025,GOV_NOTICE
2025-10-04,OFF,NATIONAL_DAY,0,2025,GOV_NOTICE
2025-10-05,OFF,NATIONAL_DAY,0,2025,GOV_NOTICE
2025-10-06,OFF,MID_AUTUMN,1,2025,GOV_NOTICE
2025-10-07,OFF,NATIONAL_DAY,0,2025,GOV_NOTICE
2025-10-08,OFF,NATIONAL_DAY,0,2025,GOV_NOTICE
2025-10-11,WORK,NATIONAL_DAY,0,2025,GOV_NOTICE
2026-01-01,OFF,NEW_YEAR,1,2026,GOV_NOTICE
2026-01-02,OFF,NEW_YEAR,0,2026,GOV_NOTICE
2026-01-03,OFF,NEW_YEAR,0,2026,GOV_NOTICE
2026-01-04,WORK,NEW_YEAR,0,2026,GOV_NOTICE
2026-02-14,WORK,SPRING_FESTIVAL,0,2026,GOV_NOTICE
2026-02-15,OFF,SPRING_FESTIVAL,0,2026,GOV_NOTICE
2026-02-16,OFF,SPRING_FESTIVAL,1,2026,GOV_NOTICE
2026-02-17,OFF,SPRING_FESTIVAL,1,2026,GOV_NOTICE
2026-02-18,OFF,SPRING_FESTIVAL,1,2026,GOV_NOTICE
2026-02-19,OFF,SPRING_FESTIVAL,1,2026,GOV_NOTICE
2026-02-20,OFF,SPRING_FESTIVAL,0,2026,GOV_NOTICE
2026-02-21,OFF,SPRING_FESTIVAL,0,2026,GOV_NOTICE
2026-02-22,OFF,SPRING_FESTIVAL,0,2026,GOV_NOTICE
2026-02-23,OFF,SPRING_FESTIVAL,0,2026,GOV_NOTICE
2026-02-28,WORK,SPRING_FESTIVAL,0,2026,GOV_NOTICE
2026-04-04,OFF,TOMB_SWEEPING,0,2026,GOV_NOTICE
2026-04-05,OFF,TOMB_SWEEPING,1,2026,GOV_NOTICE
2026-04-06,OFF,TOMB_SWEEPING,0,2026,GOV_NOTICE
2026-05-01,OFF,LABOUR_DAY,1,2026,GOV_NOTICE
2026-05-02,OFF,LABOUR_DAY,1,2026,GOV_NOTICE
2026-05-03,OFF,LABOUR_DAY,0,2026,GOV_NOTICE
2026-05-04,OFF,LABOUR_DAY,0,2026,GOV_NOTICE
2026-05-05,OFF,LABOUR_DAY,0,2026,GOV_NOTICE
2026-05-09,WORK,LABOUR_DAY,0,2026,GOV_NOTICE
2026-06-19,OFF,DRAGON_BOAT,1,2026,GOV_NOTICE
2026-06-20,OFF,DRAGON_BOAT,0,2026,GOV_NOTICE
2026-06-21,OFF,DRAGON_BOAT,0,2026,GOV_NOTICE
2026-09-20,WORK,NATIONAL_DAY,0,2026,GOV_NOTICE
2026-09-25,OFF,MID_AUTUMN,1,2026,GOV_NOTICE
2026-09-26,OFF,MID_AUTUMN,0,2026,GOV_NOTICE
2026-09-27,OFF,MID_AUTUMN,0,2026,GOV_NOTICE
2026-10-01,OFF,NATIONAL_DAY,1,2026,GOV_NOTICE
2026-10-02,OFF,NATIONAL_DAY,1,2026,GOV_NOTICE
2026-10-03,OFF,NATIONAL_DAY,1,2026,GOV_NOTICE
2026-10-04,OFF,NATIONAL_DAY,0,2026,GOV_NOTICE
2026-10-05,OFF,NATIONAL_DAY,0,2026,GOV_NOTICE
2026-10-06,OFF,NATIONAL_DAY,0,2026,GOV_NOTICE
2026-10-07,OFF,NATIONAL_DAY,0,2026,GOV_NOTICE
2026-10-10,WORK,NATIONAL_DAY,0,2026,GOV_NOTICE
